Year,preprint,medrxiv,biorxiv,arxiv
2018,3.8473376423514924,0.07398726235291332,0.7398726235291332,1.7017070341170064
2019,4.933788557557578,0.2819307747175759,1.4096538735878792,1.4801365672672733
2020,111.77989533503207,60.976389771317216,40.56970588181545,5.786970058216919
2021,106.41194900502312,56.029833369959626,40.76422008652751,6.710159685025104
2022,70.01508578250554,37.083310658843075,25.91904617910061,5.554081324092988
2023,805.8889527922084,125.16146064131695,528.63628220963,30.877874470833373
2024,991.7885168368841,147.5807139678228,697.8953606618995,37.75990923786091
2025,880.9623482479253,157.1901138499676,592.5410623260854,39.50273748840569
