Year,preprint
2018,3.8473376423514924
2019,4.933788557557578
2020,111.77989533503207
2021,106.41194900502312
2022,70.01508578250554
2023,805.8889527922084
2024,991.7885168368841
2025,880.9623482479253
